store_id,first_name,last_name,active,email,address,city,country
1,RAFAEL,ABNEY,1,RAFAEL.ABNEY@sakilacustomer.org,"48 Maracabo Place",Talavera,Philippines
1,NATHANIEL,ADAM,1,NATHANIEL.ADAM@sakilacustomer.org,"786 Matsue Way",Joliet,"United States"
1,DIANA,ALEXANDER,1,DIANA.ALEXANDER@sakilacustomer.org,"1308 Arecibo Way","Augusta-Richmond County","United States"
1,GORDON,ALLARD,1,GORDON.ALLARD@sakilacustomer.org,"434 Ourense (Orense) Manor",Hodeida,Yemen
1,JOSE,ANDREW,1,JOSE.ANDREW@sakilacustomer.org,"1016 Iwakuni Street",Kingstown,"Saint Vincent and the Grenadines"
1,HARRY,ARCE,0,HARRY.ARCE@sakilacustomer.org,"1922 Miraj Way",Najafabad,Iran
1,JORDAN,ARCHULETA,1,JORDAN.ARCHULETA@sakilacustomer.org,"1229 Varanasi (Benares) Manor",Avellaneda,Argentina
1,MELANIE,ARMSTRONG,1,MELANIE.ARMSTRONG@sakilacustomer.org,"1166 Changhwa Street",Bayugan,Philippines
1,BEATRICE,ARNOLD,1,BEATRICE.ARNOLD@sakilacustomer.org,"1877 Ezhou Lane",Udaipur,India
1,KENT,ARSENAULT,1,KENT.ARSENAULT@sakilacustomer.org,"32 Liaocheng Way","Juiz de Fora",Brazil
1,CARL,ARTIS,1,CARL.ARTIS@sakilacustomer.org,"1628 Nagareyama Lane","San Lorenzo",Paraguay
1,TYRONE,ASHER,1,TYRONE.ASHER@sakilacustomer.org,"191 Jos Azueta Parkway",Ruse,Bulgaria
1,ALMA,AUSTIN,1,ALMA.AUSTIN@sakilacustomer.org,"1074 Binzhou Manor",Mannheim,Germany
1,MILDRED,BAILEY,1,MILDRED.BAILEY@sakilacustomer.org,"81 Hodeida Way",Jaipur,India
1,PAMELA,BAKER,1,PAMELA.BAKER@sakilacustomer.org,"1440 Fukuyama Loop",Nanyang,China
1,MARTIN,BALES,1,MARTIN.BALES@sakilacustomer.org,"368 Hunuco Boulevard",Namibe,Angola
1,ANGEL,BARCLAY,1,ANGEL.BARCLAY@sakilacustomer.org,"496 Celaya Drive",Ueda,Japan
1,NICHOLAS,BARFIELD,1,NICHOLAS.BARFIELD@sakilacustomer.org,"1163 London Parkway",Belm,Brazil
1,RACHEL,BARNES,1,RACHEL.BARNES@sakilacustomer.org,"586 Tete Way",Kamakura,Japan
1,DAISY,BATES,1,DAISY.BATES@sakilacustomer.org,"661 Chisinau Lane",Kolpino,"Russian Federation"
1,JEAN,BELL,1,JEAN.BELL@sakilacustomer.org,"1114 Liepaja Street",Kuching,Malaysia
1,CHESTER,BENNER,1,CHESTER.BENNER@sakilacustomer.org,"1574 Goinia Boulevard",Suihua,China
1,REGINA,BERRY,1,REGINA.BERRY@sakilacustomer.org,"475 Atinsk Way",Jinchang,China
1,MIGUEL,BETANCOURT,1,MIGUEL.BETANCOURT@sakilacustomer.org,"319 Springs Loop",Erlangen,Germany
1,HENRY,BILLINGSLEY,1,HENRY.BILLINGSLEY@sakilacustomer.org,"1516 Escobar Drive",Nukualofa,Tonga
1,VALERIE,BLACK,1,VALERIE.BLACK@sakilacustomer.org,"782 Mosul Street",Brockton,"United States"
1,DEREK,BLAKELY,1,DEREK.BLAKELY@sakilacustomer.org,"118 Jaffna Loop",Gingoog,Philippines
1,MATHEW,BOLIN,1,MATHEW.BOLIN@sakilacustomer.org,"163 Augusta-Richmond County Loop",Valencia,Venezuela
1,DON,BONE,1,DON.BONE@sakilacustomer.org,"596 Huixquilucan Place",Naala-Porto,Mozambique
1,LEON,BOSTIC,1,LEON.BOSTIC@sakilacustomer.org,"734 Tanshui Avenue",Florencia,Colombia
1,DERRICK,BOURQUE,1,DERRICK.BOURQUE@sakilacustomer.org,"1153 Allende Way",Gatineau,Canada
1,CLIFFORD,BOWENS,1,CLIFFORD.BOWENS@sakilacustomer.org,"207 Cuernavaca Loop","Nabereznyje Telny","Russian Federation"
1,CAROLINE,BOWMAN,1,CAROLINE.BOWMAN@sakilacustomer.org,"1309 Weifang Street",Tallahassee,"United States"
1,BYRON,BOX,1,BYRON.BOX@sakilacustomer.org,"521 San Juan Bautista Tuxtepec Place",Zhezqazghan,Kazakstan
1,EMMA,BOYD,1,EMMA.BOYD@sakilacustomer.org,"765 Southampton Drive",Qalyub,Egypt
1,RUSSELL,BRINSON,1,RUSSELL.BRINSON@sakilacustomer.org,"1642 Charlotte Amalie Drive",Tychy,Poland
1,ELIZABETH,BROWN,1,ELIZABETH.BROWN@sakilacustomer.org,"53 Idfu Parkway",Nantou,Taiwan
1,TIMOTHY,BUNN,1,TIMOTHY.BUNN@sakilacustomer.org,"981 Kumbakonam Place",Braslia,Brazil
1,EDWIN,BURK,1,EDWIN.BURK@sakilacustomer.org,"1766 Almirante Brown Street",Newcastle,"South Africa"
1,LYDIA,BURKE,1,LYDIA.BURKE@sakilacustomer.org,"1483 Pathankot Street","San Miguel de Tucumn",Argentina
1,SIDNEY,BURLESON,1,SIDNEY.BURLESON@sakilacustomer.org,"1405 Hagonoy Avenue",Czestochowa,Poland
1,APRIL,BURNS,1,APRIL.BURNS@sakilacustomer.org,"483 Ljubertsy Parkway",Dundee,"United Kingdom"
1,COLLEEN,BURTON,1,COLLEEN.BURTON@sakilacustomer.org,"430 Alessandria Loop",Saarbrcken,Germany
1,LEROY,BUSTAMANTE,1,LEROY.BUSTAMANTE@sakilacustomer.org,"105 Dzerzinsk Manor",Tongliao,China
1,DEANNA,BYRD,1,DEANNA.BYRD@sakilacustomer.org,"862 Xintai Lane",Tuguegarao,Philippines
1,KAY,CALDWELL,1,KAY.CALDWELL@sakilacustomer.org,"85 San Felipe de Puerto Plata Drive",Yantai,China
1,CHAD,CARBONE,1,CHAD.CARBONE@sakilacustomer.org,"1948 Bayugan Parkway",Katihar,India
1,TERRY,CARLSON,1,TERRY.CARLSON@sakilacustomer.org,"752 Ondo Loop",Miyakonojo,Japan
1,LORETTA,CARPENTER,1,LORETTA.CARPENTER@sakilacustomer.org,"891 Novi Sad Manor",Oshawa,Canada
1,JUNE,CARROLL,1,JUNE.CARROLL@sakilacustomer.org,"757 Rustenburg Avenue",Skikda,Algeria
1,TIM,CARY,1,TIM.CARY@sakilacustomer.org,"1257 Guadalajara Street",Bijapur,India
1,GERTRUDE,CASTILLO,1,GERTRUDE.CASTILLO@sakilacustomer.org,"850 Salala Loop",Nuuk,Greenland
1,PHILIP,CAUSEY,1,PHILIP.CAUSEY@sakilacustomer.org,"954 Lapu-Lapu Way",Korolev,"Russian Federation"
1,KRISTINA,CHAMBERS,1,KRISTINA.CHAMBERS@sakilacustomer.org,"544 Tarsus Boulevard","Valle de la Pascua",Venezuela
1,MARIO,CHEATHAM,1,MARIO.CHEATHAM@sakilacustomer.org,"1924 Shimonoseki Drive",Batna,Algeria
1,NELSON,CHRISTENSON,1,NELSON.CHRISTENSON@sakilacustomer.org,"1764 Jalib al-Shuyukh Parkway","Santiago de Compostela",Spain
1,MICHELLE,CLARK,1,MICHELLE.CLARK@sakilacustomer.org,"262 A Corua (La Corua) Parkway",Tangail,Bangladesh
1,BERNARD,COLBY,1,BERNARD.COLBY@sakilacustomer.org,"495 Bhimavaram Lane","Dhule (Dhulia)",India
1,TRACY,COLE,1,TRACY.COLE@sakilacustomer.org,"1002 Ahmadnagar Manor",Huixquilucan,Mexico
1,KATHRYN,COLEMAN,1,KATHRYN.COLEMAN@sakilacustomer.org,"927 Baha Blanca Parkway",Simferopol,Ukraine
1,TOMMY,COLLAZO,1,TOMMY.COLLAZO@sakilacustomer.org,"76 Kermanshah Manor",Qomsheh,Iran
1,DIANE,COLLINS,1,DIANE.COLLINS@sakilacustomer.org,"115 Hidalgo Parkway",Omdurman,Sudan
1,GLORIA,COOK,1,GLORIA.COOK@sakilacustomer.org,"1668 Saint Louis Place",Papeete,"French Polynesia"
1,JOAN,COOPER,1,JOAN.COOPER@sakilacustomer.org,"1717 Guadalajara Lane","Saint Louis","United States"
1,ALLAN,CORNISH,1,ALLAN.CORNISH@sakilacustomer.org,"947 Trshavn Place",Tarlac,Philippines
1,BRETT,CORNWELL,1,BRETT.CORNWELL@sakilacustomer.org,"1197 Sokoto Boulevard","Siliguri (Shiliguri)",India
1,CARLOS,COUGHLIN,1,CARLOS.COUGHLIN@sakilacustomer.org,"97 Mogiljov Lane",Bhavnagar,India
1,BOBBIE,CRAIG,1,BOBBIE.CRAIG@sakilacustomer.org,"86 Higashiosaka Lane","Valle de Santiago",Mexico
1,MAURICE,CRAWLEY,0,MAURICE.CRAWLEY@sakilacustomer.org,"1785 So Bernardo do Campo Street",Coatzacoalcos,Mexico
1,ALBERT,CROUSE,1,ALBERT.CROUSE@sakilacustomer.org,"1641 Changhwa Place",Bamenda,Cameroon
1,KIM,CRUZ,1,KIM.CRUZ@sakilacustomer.org,"333 Goinia Way","Grand Prairie","United States"
1,EUGENE,CULPEPPER,1,EUGENE.CULPEPPER@sakilacustomer.org,"686 Donostia-San Sebastin Lane",Shenzhen,China
1,STEVEN,CURLEY,1,STEVEN.CURLEY@sakilacustomer.org,"651 Pathankot Loop",Miraj,India
1,NORMAN,CURRIER,1,NORMAN.CURRIER@sakilacustomer.org,"1445 Carmen Parkway",Cianjur,Indonesia
1,LEAH,CURTIS,1,LEAH.CURTIS@sakilacustomer.org,"906 Goinia Way",Kalisz,Poland
1,COURTNEY,DAY,1,COURTNEY.DAY@sakilacustomer.org,"300 Junan Street",Uijongbu,"South Korea"
1,MARCIA,DEAN,1,MARCIA.DEAN@sakilacustomer.org,"1479 Rustenburg Boulevard",Tanza,Philippines
1,WADE,DELVALLE,1,WADE.DELVALLE@sakilacustomer.org,"1331 Usak Boulevard",Lausanne,Switzerland
1,HERMAN,DEVORE,1,HERMAN.DEVORE@sakilacustomer.org,"64 Korla Street",Mwanza,Tanzania
1,AMBER,DIXON,1,AMBER.DIXON@sakilacustomer.org,"1029 Dzerzinsk Manor",Touliu,Taiwan
1,LLOYD,DOWD,1,LLOYD.DOWD@sakilacustomer.org,"935 Aden Boulevard",Tegal,Indonesia
1,FREDDIE,DUGGAN,1,FREDDIE.DUGGAN@sakilacustomer.org,"1103 Quilmes Boulevard",Sullana,Peru
1,LEO,EBERT,1,LEO.EBERT@sakilacustomer.org,"1322 Mosul Parkway",Dongying,China
1,JIMMIE,EGGLESTON,0,JIMMIE.EGGLESTON@sakilacustomer.org,"505 Madiun Boulevard",Wroclaw,Poland
1,MELVIN,ELLINGTON,1,MELVIN.ELLINGTON@sakilacustomer.org,"1557 Cape Coral Parkway",Laohekou,China
1,JAVIER,ELROD,1,JAVIER.ELROD@sakilacustomer.org,"195 Ilorin Street",NDjamna,Chad
1,JARED,ELY,1,JARED.ELY@sakilacustomer.org,"1003 Qinhuangdao Street",Purwakarta,Indonesia
1,KURT,EMMONS,1,KURT.EMMONS@sakilacustomer.org,"1421 Quilmes Lane",Kanazawa,Japan
1,TRAVIS,ESTEP,1,TRAVIS.ESTEP@sakilacustomer.org,"289 Santo Andr Manor",al-Qatif,"Saudi Arabia"
1,ANN,EVANS,1,ANN.EVANS@sakilacustomer.org,"909 Garland Manor",Niznekamsk,"Russian Federation"
1,JOHN,FARNSWORTH,1,JOHN.FARNSWORTH@sakilacustomer.org,"41 El Alto Parkway",Parbhani,India
1,BERTHA,FERGUSON,1,BERTHA.FERGUSON@sakilacustomer.org,"1367 Yantai Manor",Ondo,Nigeria
1,MELINDA,FERNANDEZ,1,MELINDA.FERNANDEZ@sakilacustomer.org,"1820 Maring Parkway","Mandi Bahauddin",Pakistan
1,VICKI,FIELDS,1,VICKI.FIELDS@sakilacustomer.org,"68 Molodetno Manor",Witten,Germany
1,MYRTLE,FLEMING,1,MYRTLE.FLEMING@sakilacustomer.org,"532 Toulon Street","Santiago de los Caballeros","Dominican Republic"
1,JULIA,FLORES,1,JULIA.FLORES@sakilacustomer.org,"1926 El Alto Avenue","La Plata",Argentina
1,CRYSTAL,FORD,1,CRYSTAL.FORD@sakilacustomer.org,"659 Vaduz Drive",Ashdod,Israel
1,MICHEAL,FORMAN,1,MICHEAL.FORMAN@sakilacustomer.org,"203 Tambaram Street",Escobar,Argentina
1,ENRIQUE,FORSYTHE,1,ENRIQUE.FORSYTHE@sakilacustomer.org,"1101 Bucuresti Boulevard",Patras,Greece
1,RAUL,FORTIER,1,RAUL.FORTIER@sakilacustomer.org,"1747 Rustenburg Place",Chapra,India
1,HOWARD,FORTNER,1,HOWARD.FORTNER@sakilacustomer.org,"220 Hidalgo Drive",Kermanshah,Iran
1,PHYLLIS,FOSTER,1,PHYLLIS.FOSTER@sakilacustomer.org,"832 Nakhon Sawan Manor",Zalantun,China
1,JACK,FOUST,1,JACK.FOUST@sakilacustomer.org,"1378 Beira Loop",Zeleznogorsk,"Russian Federation"
1,JUAN,FRALEY,1,JUAN.FRALEY@sakilacustomer.org,"469 Nakhon Sawan Street",Teboksary,"Russian Federation"
1,GLENDA,FRAZIER,1,GLENDA.FRAZIER@sakilacustomer.org,"1246 Boksburg Parkway",Qinhuangdao,China
1,CLAUDIA,FULLER,1,CLAUDIA.FULLER@sakilacustomer.org,"346 Skikda Parkway","Jalib al-Shuyukh",Kuwait
1,FELIX,GAFFNEY,1,FELIX.GAFFNEY@sakilacustomer.org,"1059 Yuncheng Avenue",Vilnius,Lithuania
1,RANDY,GAITHER,1,RANDY.GAITHER@sakilacustomer.org,"1618 Olomouc Manor",Kurgan,"Russian Federation"
1,CLARENCE,GAMEZ,1,CLARENCE.GAMEZ@sakilacustomer.org,"767 Pyongyang Drive",Izumisano,Japan
1,FLOYD,GANDY,1,FLOYD.GANDY@sakilacustomer.org,"1088 Ibirit Place",Zapopan,Mexico
1,NELLIE,GARRETT,1,NELLIE.GARRETT@sakilacustomer.org,"1964 Gijn Manor",Shimoga,India
1,RUBEN,GEARY,1,RUBEN.GEARY@sakilacustomer.org,"414 Mandaluyong Street",Lublin,Poland
1,VICTORIA,GIBSON,1,VICTORIA.GIBSON@sakilacustomer.org,"544 Malm Parkway",Pemalang,Indonesia
1,TANYA,GILBERT,1,TANYA.GILBERT@sakilacustomer.org,"647 A Corua (La Corua) Street",Naju,"South Korea"
1,DENNIS,GILMAN,1,DENNIS.GILMAN@sakilacustomer.org,"1443 Mardan Street",Paarl,"South Africa"
1,JOSEPHINE,GOMEZ,1,JOSEPHINE.GOMEZ@sakilacustomer.org,"211 Chiayi Drive",Etawah,India
1,NORMA,GONZALES,1,NORMA.GONZALES@sakilacustomer.org,"152 Kitwe Parkway",Bislig,Philippines
1,MARTHA,GONZALEZ,1,MARTHA.GONZALEZ@sakilacustomer.org,"269 Cam Ranh Parkway",Chisinau,Moldova
1,ADAM,GOOCH,1,ADAM.GOOCH@sakilacustomer.org,"230 Urawa Drive",Adoni,India
1,LESLIE,GORDON,1,LESLIE.GORDON@sakilacustomer.org,"374 Bat Yam Boulevard",Kilis,Turkey
1,DOUGLAS,GRAF,1,DOUGLAS.GRAF@sakilacustomer.org,"785 Vaduz Street",Mexicali,Mexico
1,RITA,GRAHAM,1,RITA.GRAHAM@sakilacustomer.org,"1386 Yangor Avenue",Toulon,France
1,BRANDY,GRAVES,1,BRANDY.GRAVES@sakilacustomer.org,"1944 Bamenda Way",Warren,"United States"
1,CHRISTOPHER,GRECO,1,CHRISTOPHER.GRECO@sakilacustomer.org,"1224 Huejutla de Reyes Boulevard",Brescia,Italy
1,JEANETTE,GREENE,1,JEANETTE.GREENE@sakilacustomer.org,"1077 San Felipe de Puerto Plata Place",Novoterkassk,"Russian Federation"
1,SONIA,GREGORY,1,SONIA.GREGORY@sakilacustomer.org,"1279 Udine Parkway","Benin City",Nigeria
1,ROSS,GREY,1,ROSS.GREY@sakilacustomer.org,"951 Springs Lane",Iligan,Philippines
1,LILLIAN,GRIFFIN,1,LILLIAN.GRIFFIN@sakilacustomer.org,"669 Firozabad Loop",al-Ayn,"United Arab Emirates"
1,THOMAS,GRIGSBY,1,THOMAS.GRIGSBY@sakilacustomer.org,"1191 Sungai Petani Boulevard","Kansas City","United States"
1,HARVEY,GUAJARDO,1,HARVEY.GUAJARDO@sakilacustomer.org,"600 Purnea (Purnia) Avenue",Vinh,Vietnam
1,TERRENCE,GUNDERSON,1,TERRENCE.GUNDERSON@sakilacustomer.org,"844 Bucuresti Place",Jinzhou,China
1,GLADYS,HAMILTON,1,GLADYS.HAMILTON@sakilacustomer.org,"1177 Jelets Way",Ilorin,Nigeria
1,GABRIEL,HARDER,1,GABRIEL.HARDER@sakilacustomer.org,"680 A Corua (La Corua) Manor",Sivas,Turkey
1,BRENT,HARKINS,1,BRENT.HARKINS@sakilacustomer.org,"319 Plock Parkway",Sultanbeyli,Turkey
1,ROBERTA,HARPER,1,ROBERTA.HARPER@sakilacustomer.org,"927 Barcelona Street","Shahr-e Kord",Iran
1,HELEN,HARRIS,1,HELEN.HARRIS@sakilacustomer.org,"419 Iligan Lane",Bhopal,India
1,WENDY,HARRISON,1,WENDY.HARRISON@sakilacustomer.org,"1107 Nakhon Sawan Avenue",Nezahualcyotl,Mexico
1,DANA,HART,1,DANA.HART@sakilacustomer.org,"1089 Iwatsuki Avenue",Kirovo-Tepetsk,"Russian Federation"
1,ARLENE,HARVEY,1,ARLENE.HARVEY@sakilacustomer.org,"1014 Loja Manor",Ambattur,India
1,COREY,HAUSER,1,COREY.HAUSER@sakilacustomer.org,"984 Novoterkassk Loop",Gaziantep,Turkey
1,JILL,HAWKINS,1,JILL.HAWKINS@sakilacustomer.org,"1440 Compton Place",Linz,Austria
1,LEE,HAWKS,1,LEE.HAWKS@sakilacustomer.org,"1661 Abha Drive",Pudukkottai,India
1,ROBIN,HAYES,1,ROBIN.HAYES@sakilacustomer.org,"1913 Kamakura Place",Jelets,"Russian Federation"
1,SHAWN,HEATON,1,SHAWN.HEATON@sakilacustomer.org,"1337 Mit Ghamr Avenue","Nakhon Sawan",Thailand
1,ANDREA,HENDERSON,1,ANDREA.HENDERSON@sakilacustomer.org,"320 Baiyin Parkway",Mahajanga,Madagascar
1,PAULINE,HENRY,1,PAULINE.HENRY@sakilacustomer.org,"261 Saint Louis Way",Torren,Mexico
1,TRACY,HERRMANN,1,TRACY.HERRMANN@sakilacustomer.org,"1074 Sanaa Parkway",Loja,Ecuador
1,CLAUDE,HERZOG,1,CLAUDE.HERZOG@sakilacustomer.org,"486 Ondo Parkway",Benguela,Angola
1,EDUARDO,HIATT,1,EDUARDO.HIATT@sakilacustomer.org,"1837 Kaduna Parkway",Jining,China
1,ZACHARY,HITE,1,ZACHARY.HITE@sakilacustomer.org,"98 Pyongyang Boulevard",Akron,"United States"
1,PHILLIP,HOLM,1,PHILLIP.HOLM@sakilacustomer.org,"102 Chapra Drive",Tama,Japan
1,LUCILLE,HOLMES,1,LUCILLE.HOLMES@sakilacustomer.org,"999 Sanaa Loop",Soshanguve,"South Africa"
1,TONI,HOLT,1,TONI.HOLT@sakilacustomer.org,"1936 Cuman Avenue",Roanoke,"United States"
1,HILDA,HOPKINS,1,HILDA.HOPKINS@sakilacustomer.org,"1831 Nam Dinh Loop",Mandaluyong,Philippines
1,RAY,HOULE,1,RAY.HOULE@sakilacustomer.org,"740 Udaipur Lane",Dzerzinsk,"Russian Federation"
1,BRANDON,HUEY,1,BRANDON.HUEY@sakilacustomer.org,"1912 Emeishan Drive",Balikesir,Turkey
1,ELEANOR,HUNT,1,ELEANOR.HUNT@sakilacustomer.org,"1952 Pune Lane",Saint-Denis,Runion
1,CHARLOTTE,HUNTER,1,CHARLOTTE.HUNTER@sakilacustomer.org,"758 Junan Lane","guas Lindas de Gois",Brazil
1,DANNY,ISOM,1,DANNY.ISOM@sakilacustomer.org,"734 Bchar Place",Okara,Pakistan
1,GEORGIA,JACOBS,1,GEORGIA.JACOBS@sakilacustomer.org,"954 Kimchon Place",Uttarpara-Kotrung,India
1,KATHY,JAMES,1,KATHY.JAMES@sakilacustomer.org,"492 Cam Ranh Street",Baybay,Philippines
1,LOUISE,JENKINS,1,LOUISE.JENKINS@sakilacustomer.org,"929 Tallahassee Loop",Springs,"South Africa"
1,NAOMI,JENNINGS,1,NAOMI.JENNINGS@sakilacustomer.org,"1884 Shikarpur Avenue",Karnal,India
1,PATRICIA,JOHNSON,1,PATRICIA.JOHNSON@sakilacustomer.org,"1121 Loja Avenue","San Bernardino","United States"
1,KRISTIN,JOHNSTON,1,KRISTIN.JOHNSTON@sakilacustomer.org,"226 Brest Manor",Sunnyvale,"United States"
1,JERRY,JORDON,1,JERRY.JORDON@sakilacustomer.org,"124 al-Manama Way",Onomichi,Japan
1,CHRISTIAN,JUNG,0,CHRISTIAN.JUNG@sakilacustomer.org,"949 Allende Lane",Amroha,India
1,ALAN,KAHN,1,ALAN.KAHN@sakilacustomer.org,"753 Ilorin Avenue",Emeishan,China
1,DENISE,KELLY,1,DENISE.KELLY@sakilacustomer.org,"1206 Dos Quebradas Place","Rio Claro",Brazil
1,JEROME,KENYON,1,JEROME.KENYON@sakilacustomer.org,"1872 Toulon Loop",Rancagua,Chile
1,REGINALD,KINDER,1,REGINALD.KINDER@sakilacustomer.org,"519 Brescia Parkway",Madiun,Indonesia
1,MELISSA,KING,1,MELISSA.KING@sakilacustomer.org,"1668 Anpolis Street",Lungtan,Taiwan
1,GAIL,KNIGHT,1,GAIL.KNIGHT@sakilacustomer.org,"185 Novi Sad Place",Bern,Switzerland
1,KELLY,KNOTT,1,KELLY.KNOTT@sakilacustomer.org,"390 Wroclaw Way",Sanya,China
1,CHARLES,KOWALSKI,1,CHARLES.KOWALSKI@sakilacustomer.org,"715 So Bernardo do Campo Lane","Sungai Petani",Malaysia
1,JACOB,LANCE,1,JACOB.LANCE@sakilacustomer.org,"1866 al-Qatif Avenue","El Monte","United States"
1,RENEE,LANE,1,RENEE.LANE@sakilacustomer.org,"533 al-Ayn Boulevard",Compton,"United States"
1,LAURIE,LAWRENCE,1,LAURIE.LAWRENCE@sakilacustomer.org,"9 San Miguel de Tucumn Manor",Firozabad,India
1,LOUIS,LEONE,1,LOUIS.LEONE@sakilacustomer.org,"1191 Tandil Drive",Tanauan,Philippines
1,GEORGE,LINTON,1,GEORGE.LINTON@sakilacustomer.org,"1957 Yantai Lane",Sorocaba,Brazil
1,DWIGHT,LOMBARDI,1,DWIGHT.LOMBARDI@sakilacustomer.org,"1497 Fengshan Drive",Chatsworth,"South Africa"
1,AMY,LOPEZ,1,AMY.LOPEZ@sakilacustomer.org,"176 Mandaluyong Place",Jhansi,India
1,BARRY,LOVELACE,1,BARRY.LOVELACE@sakilacustomer.org,"1836 Korla Parkway",Kitwe,Zambia
1,VELMA,LUCAS,1,VELMA.LUCAS@sakilacustomer.org,"1155 Liaocheng Place",Effon-Alaiye,Nigeria
1,LEWIS,LYMAN,1,LEWIS.LYMAN@sakilacustomer.org,"632 Usolje-Sibirskoje Parkway",Ashqelon,Israel
1,JACKIE,LYNCH,1,JACKIE.LYNCH@sakilacustomer.org,"98 Stara Zagora Boulevard",Buenaventura,Colombia
1,JOSHUA,MARK,1,JOSHUA.MARK@sakilacustomer.org,"1920 Weifang Avenue",Rampur,India
1,SHERRY,MARSHALL,1,SHERRY.MARSHALL@sakilacustomer.org,"1987 Coacalco de Berriozbal Loop","Shubra al-Khayma",Egypt
1,CALVIN,MARTEL,1,CALVIN.MARTEL@sakilacustomer.org,"138 Caracas Boulevard",Maracabo,Venezuela
1,RUTH,MARTINEZ,1,RUTH.MARTINEZ@sakilacustomer.org,"1417 Lancaster Avenue",Kimberley,"South Africa"
1,HAROLD,MARTINO,1,HAROLD.MARTINO@sakilacustomer.org,"1293 Nam Dinh Way","Boa Vista",Brazil
1,GREGORY,MAULDIN,1,GREGORY.MAULDIN@sakilacustomer.org,"507 Smolensk Loop",Sousse,Tunisia
1,GWENDOLYN,MAY,1,GWENDOLYN.MAY@sakilacustomer.org,"446 Kirovo-Tepetsk Lane",Higashiosaka,Japan
1,VERA,MCCOY,1,VERA.MCCOY@sakilacustomer.org,"1168 Najafabad Parkway",Kabul,Afghanistan
1,RICHARD,MCCRARY,1,RICHARD.MCCRARY@sakilacustomer.org,"913 Coacalco de Berriozbal Loop",Arlington,"United States"
1,EDITH,MCDONALD,1,EDITH.MCDONALD@sakilacustomer.org,"1967 Sincelejo Place",Gandhinagar,India
1,SAM,MCDUFFIE,1,SAM.MCDUFFIE@sakilacustomer.org,"656 Matamoros Drive",Sogamoso,Colombia
1,MIRIAM,MCKINNEY,1,MIRIAM.MCKINNEY@sakilacustomer.org,"1336 Benin City Drive",Otsu,Japan
1,RICARDO,MEADOR,1,RICARDO.MEADOR@sakilacustomer.org,"591 Sungai Petani Drive",Okayama,Japan
1,CORY,MEEHAN,1,CORY.MEEHAN@sakilacustomer.org,"556 Asuncin Way",Mogiljov,Belarus
1,ANTONIO,MEEK,1,ANTONIO.MEEK@sakilacustomer.org,"1190 0 Place",Bag,Brazil
1,CASEY,MENA,1,CASEY.MENA@sakilacustomer.org,"539 Hami Way",Tokat,Turkey
1,PETER,MENARD,1,PETER.MENARD@sakilacustomer.org,"1217 Konotop Avenue",Ede,Netherlands
1,MARIAN,MENDOZA,1,MARIAN.MENDOZA@sakilacustomer.org,"829 Grand Prairie Way",Maring,Brazil
1,NATALIE,MEYER,1,NATALIE.MEYER@sakilacustomer.org,"1201 Qomsheh Manor","Aparecida de Goinia",Brazil
1,JESSIE,MILAM,1,JESSIE.MILAM@sakilacustomer.org,"1332 Gaziantep Lane",Binzhou,China
1,MARIA,MILLER,1,MARIA.MILLER@sakilacustomer.org,"900 Santiago de Compostela Parkway",Kragujevac,Yugoslavia
1,ALICIA,MILLS,1,ALICIA.MILLS@sakilacustomer.org,"1963 Moscow Place",Nagaon,India
1,TOM,MILNER,1,TOM.MILNER@sakilacustomer.org,"535 Ahmadnagar Manor","Abu Dhabi","United Arab Emirates"
1,STEPHANIE,MITCHELL,1,STEPHANIE.MITCHELL@sakilacustomer.org,"42 Brindisi Place",Yerevan,Armenia
1,STACEY,MONTGOMERY,1,STACEY.MONTGOMERY@sakilacustomer.org,"1333 Haldia Street",Fuyu,China
1,STELLA,MORENO,1,STELLA.MORENO@sakilacustomer.org,"1473 Changhwa Parkway","Coacalco de Berriozbal",Mexico
1,HEATHER,MORRIS,1,HEATHER.MORRIS@sakilacustomer.org,"17 Kabul Boulevard",Nagareyama,Japan
1,BESSIE,MORRISON,1,BESSIE.MORRISON@sakilacustomer.org,"1926 Gingoog Street",Syrakusa,Italy
1,JASON,MORRISSEY,1,JASON.MORRISSEY@sakilacustomer.org,"1427 A Corua (La Corua) Place","Baha Blanca",Argentina
1,BRADLEY,MOTLEY,1,BRADLEY.MOTLEY@sakilacustomer.org,"1596 Acua Parkway","Purnea (Purnia)",India
1,CHERYL,MURPHY,1,CHERYL.MURPHY@sakilacustomer.org,"1213 Ranchi Parkway",Mysore,India
1,THELMA,MURRAY,1,THELMA.MURRAY@sakilacustomer.org,"1175 Tanauan Way",Lima,Peru
1,MANUEL,MURRELL,1,MANUEL.MURRELL@sakilacustomer.org,"692 Amroha Drive",Jaffna,"Sri Lanka"
1,PEGGY,MYERS,1,PEGGY.MYERS@sakilacustomer.org,"733 Mandaluyong Place",Abha,"Saudi Arabia"
1,PENNY,NEAL,0,PENNY.NEAL@sakilacustomer.org,"1675 Xiangfan Manor",Kumbakonam,India
1,DEBRA,NELSON,1,DEBRA.NELSON@sakilacustomer.org,"306 Antofagasta Place","Vila Velha",Brazil
1,PATRICK,NEWSOM,1,PATRICK.NEWSOM@sakilacustomer.org,"68 Ponce Parkway",Hanoi,Vietnam
1,TAMARA,NGUYEN,1,TAMARA.NGUYEN@sakilacustomer.org,"356 Olomouc Manor",Anpolis,Brazil
1,MARION,OCAMPO,1,MARION.OCAMPO@sakilacustomer.org,"1464 Kursk Parkway",Weifang,China
1,ANNETTE,OLSON,1,ANNETTE.OLSON@sakilacustomer.org,"431 Xiangtan Avenue","Allappuzha (Alleppey)",India
1,DWAYNE,OLVERA,1,DWAYNE.OLVERA@sakilacustomer.org,"1447 Imus Place",Rajkot,India
1,CARMEN,OWENS,1,CARMEN.OWENS@sakilacustomer.org,"1378 Alvorada Avenue",Caracas,Venezuela
1,DAN,PAINE,1,DAN.PAINE@sakilacustomer.org,"808 Naala-Porto Parkway",Stockport,"United Kingdom"
1,FRANCES,PARKER,1,FRANCES.PARKER@sakilacustomer.org,"686 Garland Manor","Juazeiro do Norte",Brazil
1,WANDA,PATTERSON,1,WANDA.PATTERSON@sakilacustomer.org,"1740 Portoviejo Avenue",Sincelejo,Colombia
1,LYNN,PAYNE,1,LYNN.PAYNE@sakilacustomer.org,"710 San Felipe del Progreso Avenue",Lilongwe,Malawi
1,LANCE,PEMBERTON,1,LANCE.PEMBERTON@sakilacustomer.org,"454 Qinhuangdao Drive",Beni-Mellal,Morocco
1,ERIKA,PENA,1,ERIKA.PENA@sakilacustomer.org,"898 Jining Lane",Oulu,Finland
1,GERALDINE,PERKINS,1,GERALDINE.PERKINS@sakilacustomer.org,"97 Shimoga Avenue","Tel Aviv-Jaffa",Israel
1,NICOLE,PETERSON,1,NICOLE.PETERSON@sakilacustomer.org,"57 Arlington Manor",Shivapuri,India
1,JANET,PHILLIPS,1,JANET.PHILLIPS@sakilacustomer.org,"1718 Valencia Street",Antofagasta,Chile
1,MAX,PITT,1,MAX.PITT@sakilacustomer.org,"1917 Kumbakonam Parkway","Novi Sad",Yugoslavia
1,CARRIE,PORTER,1,CARRIE.PORTER@sakilacustomer.org,"1854 Tieli Street",Liaocheng,China
1,BILLY,POULIN,1,BILLY.POULIN@sakilacustomer.org,"1061 Ede Avenue",Cabuyao,Philippines
1,GLENN,PULLEN,1,GLENN.PULLEN@sakilacustomer.org,"992 Klerksdorp Loop",Amersfoort,Netherlands
1,STEPHEN,QUALLS,1,STEPHEN.QUALLS@sakilacustomer.org,"1838 Tabriz Lane",Dhaka,Bangladesh
1,TROY,QUIGLEY,1,TROY.QUIGLEY@sakilacustomer.org,"983 Santa F Way",Vancouver,Canada
1,VINCENT,RALSTON,1,VINCENT.RALSTON@sakilacustomer.org,"397 Sunnyvale Avenue",Allende,Mexico
1,EVA,RAMOS,1,EVA.RAMOS@sakilacustomer.org,"1666 Beni-Mellal Place",Clarksville,"United States"
1,ANDRE,RAPP,1,ANDRE.RAPP@sakilacustomer.org,"568 Dhule (Dhulia) Loop",Coquimbo,Chile
1,DALE,RATCLIFF,1,DALE.RATCLIFF@sakilacustomer.org,"1639 Saarbrcken Drive",Rustenburg,"South Africa"
1,AUDREY,RAY,1,AUDREY.RAY@sakilacustomer.org,"1010 Klerksdorp Way",Graz,Austria
1,JIM,REA,1,JIM.REA@sakilacustomer.org,"814 Simferopol Loop","El Fuerte",Mexico
1,DEBBIE,REYES,1,DEBBIE.REYES@sakilacustomer.org,"928 Jaffna Loop",Fukuyama,Japan
1,SHERRI,RHODES,1,SHERRI.RHODES@sakilacustomer.org,"922 Vila Velha Loop",Ahmadnagar,India
1,JAMIE,RICE,1,JAMIE.RICE@sakilacustomer.org,"879 Newcastle Way","Sterling Heights","United States"
1,ASHLEY,RICHARDSON,1,ASHLEY.RICHARDSON@sakilacustomer.org,"1214 Hanoi Way",Lincoln,"United States"
1,KEITH,RICO,1,KEITH.RICO@sakilacustomer.org,"482 Kowloon and New Kowloon Manor",Bratislava,Slovakia
1,JAY,ROBB,1,JAY.ROBB@sakilacustomer.org,"1947 Paarl Way",Surakarta,Indonesia
1,ERIC,ROBERT,1,ERIC.ROBERT@sakilacustomer.org,"430 Kumbakonam Drive","Santa F",Argentina
1,GREG,ROBINS,1,GREG.ROBINS@sakilacustomer.org,"1786 Salinas Place","Nam Dinh",Vietnam
1,LAURA,RODRIGUEZ,1,LAURA.RODRIGUEZ@sakilacustomer.org,"28 Charlotte Amalie Street",Sal,Morocco
1,VIOLET,RODRIQUEZ,1,VIOLET.RODRIQUEZ@sakilacustomer.org,"1912 Allende Manor","Kowloon and New Kowloon","Hong Kong"
1,TERESA,ROGERS,1,TERESA.ROGERS@sakilacustomer.org,"1964 Allappuzha (Alleppey) Street",Iwakuni,Japan
1,MARILYN,ROSS,1,MARILYN.ROSS@sakilacustomer.org,"1888 Kabul Drive",Ife,Nigeria
1,TERRANCE,ROUSH,0,TERRANCE.ROUSH@sakilacustomer.org,"42 Fontana Avenue",Szkesfehrvr,Hungary
1,VIVIAN,RUIZ,1,VIVIAN.RUIZ@sakilacustomer.org,"741 Ambattur Manor",s-Hertogenbosch,Netherlands
1,NATHAN,RUNYON,0,NATHAN.RUNYON@sakilacustomer.org,"264 Bhimavaram Manor","Charlotte Amalie","Virgin Islands, U.S."
1,TARA,RYAN,1,TARA.RYAN@sakilacustomer.org,"1688 Nador Lane",Gorontalo,Indonesia
1,GENE,SANBORN,1,GENE.SANBORN@sakilacustomer.org,"1416 San Juan Bautista Tuxtepec Avenue",Salala,Oman
1,JULIE,SANCHEZ,1,JULIE.SANCHEZ@sakilacustomer.org,"939 Probolinggo Loop","A Corua (La Corua)",Spain
1,DEAN,SAUER,1,DEAN.SAUER@sakilacustomer.org,"270 Tambaram Parkway",Johannesburg,"South Africa"
1,JONATHAN,SCARBOROUGH,1,JONATHAN.SCARBOROUGH@sakilacustomer.org,"1698 Southport Loop","Pachuca de Soto",Mexico
1,ROSEMARY,SCHMIDT,1,ROSEMARY.SCHMIDT@sakilacustomer.org,"1215 Pyongyang Parkway",Usak,Turkey
1,LEONARD,SCHOFIELD,1,LEONARD.SCHOFIELD@sakilacustomer.org,"88 Nagaon Manor",Tandil,Argentina
1,JIMMY,SCHRADER,1,JIMMY.SCHRADER@sakilacustomer.org,"616 Hagonoy Avenue",Atinsk,"Russian Federation"
1,KEVIN,SCHULER,1,KEVIN.SCHULER@sakilacustomer.org,"470 Boksburg Street",Birgunj,Nepal
1,EARL,SHANKS,1,EARL.SHANKS@sakilacustomer.org,"168 Cianjur Manor",Iwatsuki,Japan
1,CLARA,SHAW,1,CLARA.SHAW@sakilacustomer.org,"1027 Songkhla Manor",Molodetno,Belarus
1,SCOTT,SHELLEY,1,SCOTT.SHELLEY@sakilacustomer.org,"587 Benguela Manor",Aurora,"United States"
1,MICHAEL,SILVERMAN,1,MICHAEL.SILVERMAN@sakilacustomer.org,"1908 Gaziantep Place",Tiefa,China
1,ARTHUR,SIMPKINS,1,ARTHUR.SIMPKINS@sakilacustomer.org,"1157 Nyeri Loop",Maikop,"Russian Federation"
1,ELLEN,SIMPSON,1,ELLEN.SIMPSON@sakilacustomer.org,"1666 Qomsheh Drive",Po,Brazil
1,VANESSA,SIMS,1,VANESSA.SIMS@sakilacustomer.org,"1792 Valle de la Pascua Place",Siegen,Germany
1,WALLACE,SLONE,1,WALLACE.SLONE@sakilacustomer.org,"1342 Sharja Way",Sokoto,Nigeria
1,MARY,SMITH,1,MARY.SMITH@sakilacustomer.org,"1913 Hanoi Way",Sasebo,Japan
1,NINA,SOTO,1,NINA.SOTO@sakilacustomer.org,"1519 Ilorin Place","Palghat (Palakkad)",India
1,CATHY,SPENCER,1,CATHY.SPENCER@sakilacustomer.org,"1287 Xiangfan Boulevard",Kakamigahara,Japan
1,SERGIO,STANFIELD,1,SERGIO.STANFIELD@sakilacustomer.org,"1402 Zanzibar Boulevard",Celaya,Mexico
1,KIRK,STCLAIR,1,KIRK.STCLAIR@sakilacustomer.org,"1923 Stara Zagora Lane",Tsaotun,Taiwan
1,ALICE,STEWART,1,ALICE.STEWART@sakilacustomer.org,"1135 Izumisano Parkway",Fontana,"United States"
1,VERONICA,STONE,1,VERONICA.STONE@sakilacustomer.org,"369 Papeete Way",Greensboro,"United States"
1,DAWN,SULLIVAN,1,DAWN.SULLIVAN@sakilacustomer.org,"454 Nakhon Sawan Boulevard",Funafuti,Tuvalu
1,FELICIA,SUTTON,1,FELICIA.SUTTON@sakilacustomer.org,"226 Halifax Street",Korla,China
1,PERRY,SWAFFORD,1,PERRY.SWAFFORD@sakilacustomer.org,"773 Dallas Manor",Quilmes,Argentina
1,GLEN,TALBERT,1,GLEN.TALBERT@sakilacustomer.org,"1789 Saint-Denis Parkway",Acua,Mexico
1,TODD,TAN,1,TODD.TAN@sakilacustomer.org,"1793 Meixian Place",Kamjanets-Podilskyi,Ukraine
1,DOROTHY,TAYLOR,1,DOROTHY.TAYLOR@sakilacustomer.org,"1531 Sal Drive",Esfahan,Iran
1,NANCY,THOMAS,1,NANCY.THOMAS@sakilacustomer.org,"808 Bhopal Manor","Yamuna Nagar",India
1,DONNA,THOMPSON,1,DONNA.THOMPSON@sakilacustomer.org,"270 Toulon Boulevard",Elista,"Russian Federation"
1,MARSHALL,THORN,1,MARSHALL.THORN@sakilacustomer.org,"1584 Ljubertsy Lane",Southampton,"United Kingdom"
1,CLYDE,TOBIAS,1,CLYDE.TOBIAS@sakilacustomer.org,"1909 Dayton Avenue",Shaoguan,China
1,EDDIE,TOMLIN,1,EDDIE.TOMLIN@sakilacustomer.org,"1351 Aparecida de Goinia Parkway",Ozamis,Philippines
1,KELLY,TORRES,1,KELLY.TORRES@sakilacustomer.org,"1586 Guaruj Place",Xiangtan,China
1,MARJORIE,TUCKER,1,MARJORIE.TUCKER@sakilacustomer.org,"1050 Garden Grove Avenue",Jastrzebie-Zdrj,Poland
1,MARIE,TURNER,1,MARIE.TURNER@sakilacustomer.org,"1998 Halifax Drive",Lipetsk,"Russian Federation"
1,CHRISTY,VARGAS,1,CHRISTY.VARGAS@sakilacustomer.org,"1158 Mandi Bahauddin Parkway",Datong,China
1,BENJAMIN,VARNEY,1,BENJAMIN.VARNEY@sakilacustomer.org,"817 Laredo Avenue",Guadalajara,Mexico
1,TERRI,VASQUEZ,1,TERRI.VASQUEZ@sakilacustomer.org,"1304 s-Hertogenbosch Way",Blumenau,Brazil
1,CECIL,VINES,1,CECIL.VINES@sakilacustomer.org,"548 Uruapan Street",London,"United Kingdom"
1,ROBERTO,VU,1,ROBERTO.VU@sakilacustomer.org,"1297 Alvorada Parkway",Yinchuan,China
1,MARGIE,WADE,1,MARGIE.WADE@sakilacustomer.org,"1762 Paarl Parkway",Lengshuijiang,China
1,DEBORAH,WALKER,1,DEBORAH.WALKER@sakilacustomer.org,"934 San Felipe de Puerto Plata Street",Shikarpur,Pakistan
1,CONNIE,WALLACE,1,CONNIE.WALLACE@sakilacustomer.org,"1867 San Juan Bautista Tuxtepec Avenue",Ivanovo,"Russian Federation"
1,CASSANDRA,WALTERS,1,CASSANDRA.WALTERS@sakilacustomer.org,"920 Kumbakonam Loop",Salinas,"United States"
1,HAZEL,WARREN,1,HAZEL.WARREN@sakilacustomer.org,"1587 Sullana Lane",Hohhot,China
1,MIKE,WAY,1,MIKE.WAY@sakilacustomer.org,"990 Etawah Loop",Valparai,India
1,ETHEL,WEBB,1,ETHEL.WEBB@sakilacustomer.org,"569 Baicheng Lane",Boksburg,"South Africa"
1,MARLENE,WELCH,1,MARLENE.WELCH@sakilacustomer.org,"1148 Saarbrcken Parkway",Iwaki,Japan
1,SHEILA,WELLS,0,SHEILA.WELLS@sakilacustomer.org,"848 Tafuna Manor",Ktahya,Turkey
1,LUCY,WHEELER,1,LUCY.WHEELER@sakilacustomer.org,"624 Oshawa Boulevard",Balurghat,India
1,LINDA,WILLIAMS,1,LINDA.WILLIAMS@sakilacustomer.org,"692 Joliet Street",Athenai,Greece
1,GINA,WILLIAMSON,1,GINA.WILLIAMSON@sakilacustomer.org,"1001 Miyakonojo Lane",Taizz,Yemen
1,BERNICE,WILLIS,1,BERNICE.WILLIS@sakilacustomer.org,"29 Pyongyang Loop",Batman,Turkey
1,VIRGIL,WOFFORD,1,VIRGIL.WOFFORD@sakilacustomer.org,"760 Miyakonojo Drive","Jos Azueta",Mexico
1,LORI,WOOD,1,LORI.WOOD@sakilacustomer.org,"936 Salzburg Lane","Rae Bareli",India
1,FLORENCE,WOODS,1,FLORENCE.WOODS@sakilacustomer.org,"1532 Dzerzinsk Way",Merlo,Argentina
1,BRIAN,WYMAN,1,BRIAN.WYMAN@sakilacustomer.org,"1769 Iwaki Lane",Bydgoszcz,Poland
1,LUIS,YANEZ,1,LUIS.YANEZ@sakilacustomer.org,"1346 Mysore Drive",Brest,France
1,CYNTHIA,YOUNG,1,CYNTHIA.YOUNG@sakilacustomer.org,"1425 Shikarpur Manor","Munger (Monghyr)",India
2,KATHLEEN,ADAMS,1,KATHLEEN.ADAMS@sakilacustomer.org,"334 Munger (Monghyr) Lane",Arak,Iran
2,SHIRLEY,ALLEN,1,SHIRLEY.ALLEN@sakilacustomer.org,"217 Botshabelo Place",Davao,Philippines
2,CHARLENE,ALVAREZ,1,CHARLENE.ALVAREZ@sakilacustomer.org,"1842 Luzinia Boulevard",Zanzibar,Tanzania
2,LISA,ANDERSON,1,LISA.ANDERSON@sakilacustomer.org,"1542 Tarlac Parkway",Sagamihara,Japan
2,IDA,ANDREWS,1,IDA.ANDREWS@sakilacustomer.org,"1839 Szkesfehrvr Parkway",Luzinia,Brazil
2,OSCAR,AQUINO,1,OSCAR.AQUINO@sakilacustomer.org,"956 Nam Dinh Manor",Sirjan,Iran
2,DARRYL,ASHCRAFT,1,DARRYL.ASHCRAFT@sakilacustomer.org,"166 Jinchang Street",Ezeiza,Argentina
2,EVERETT,BANDA,1,EVERETT.BANDA@sakilacustomer.org,"1741 Hoshiarpur Boulevard",Bilbays,Egypt
2,JESSIE,BANKS,1,JESSIE.BANKS@sakilacustomer.org,"1229 Valencia Parkway","Stara Zagora",Bulgaria
2,CLAYTON,BARBEE,1,CLAYTON.BARBEE@sakilacustomer.org,"1407 Pachuca de Soto Place",Alvorada,Brazil
2,VICTOR,BARKLEY,1,VICTOR.BARKLEY@sakilacustomer.org,"401 Sucre Boulevard",Manchester,"United States"
2,CAROLE,BARNETT,1,CAROLE.BARNETT@sakilacustomer.org,"1980 Kamjanets-Podilskyi Street",Peoria,"United States"
2,TRACEY,BARRETT,1,TRACEY.BARRETT@sakilacustomer.org,"1006 Santa Brbara dOeste Manor",Owo,Nigeria
2,EDWARD,BAUGH,1,EDWARD.BAUGH@sakilacustomer.org,"1359 Zhoushan Parkway",Trshavn,"Faroe Islands"
2,ROBERT,BAUGHMAN,1,ROBERT.BAUGHMAN@sakilacustomer.org,"1883 Maikop Lane",Kaliningrad,"Russian Federation"
2,JANE,BENNETT,1,JANE.BENNETT@sakilacustomer.org,"1692 Ede Loop",Araatuba,Brazil
2,CHARLIE,BESS,1,CHARLIE.BESS@sakilacustomer.org,"362 Rajkot Lane",Baiyin,China
2,AGNES,BISHOP,1,AGNES.BISHOP@sakilacustomer.org,"866 Shivapuri Manor",Sambhal,India
2,BOBBY,BOUDREAU,1,BOBBY.BOUDREAU@sakilacustomer.org,"1368 Maracabo Boulevard","South Hill",Anguilla
2,ANA,BRADLEY,1,ANA.BRADLEY@sakilacustomer.org,"682 Garden Grove Place",Memphis,"United States"
2,TED,BREAUX,1,TED.BREAUX@sakilacustomer.org,"183 Haiphong Street",Baicheng,China
2,VICKIE,BREWER,1,VICKIE.BREWER@sakilacustomer.org,"1966 Tonghae Street",Halle/Saale,Germany
2,BEVERLY,BROOKS,1,BEVERLY.BROOKS@sakilacustomer.org,"1947 Poos de Caldas Boulevard",Chiayi,Taiwan
2,CHRIS,BROTHERS,1,CHRIS.BROTHERS@sakilacustomer.org,"331 Bydgoszcz Parkway",Gijn,Spain
2,GUY,BROWNLEE,1,GUY.BROWNLEE@sakilacustomer.org,"346 Cam Ranh Avenue",Zhoushan,China
2,PAULA,BRYANT,1,PAULA.BRYANT@sakilacustomer.org,"1697 Tanauan Lane",Pathankot,India
2,CLINTON,BUFORD,1,CLINTON.BUFORD@sakilacustomer.org,"43 Vilnius Manor",Aurora,"United States"
2,WESLEY,BULL,1,WESLEY.BULL@sakilacustomer.org,"1469 Plock Lane","Ourense (Orense)",Spain
2,LOIS,BUTLER,1,LOIS.BUTLER@sakilacustomer.org,"1370 Le Mans Avenue","Bandar Seri Begawan",Brunei
2,ALLEN,BUTTERFIELD,1,ALLEN.BUTTERFIELD@sakilacustomer.org,"791 Salinas Street",Hoshiarpur,India
2,DANIEL,CABRAL,1,DANIEL.CABRAL@sakilacustomer.org,"543 Bergamo Avenue",Ibirit,Brazil
2,CATHERINE,CAMPBELL,1,CATHERINE.CAMPBELL@sakilacustomer.org,"46 Pjatigorsk Lane",Moscow,"Russian Federation"
2,EILEEN,CARR,1,EILEEN.CARR@sakilacustomer.org,"1679 Antofagasta Street","Ciudad del Este",Paraguay
2,TONY,CARRANZA,1,TONY.CARRANZA@sakilacustomer.org,"454 Patiala Lane",Koriyama,Japan
2,AMANDA,CARTER,1,AMANDA.CARTER@sakilacustomer.org,"671 Graz Street",Nador,Morocco
2,ALFRED,CASILLAS,1,ALFRED.CASILLAS@sakilacustomer.org,"1727 Matamoros Place",Sawhaj,Egypt
2,JENNY,CASTRO,1,JENNY.CASTRO@sakilacustomer.org,"1405 Chisinau Place",Ponce,"Puerto Rico"
2,VERNON,CHAPA,1,VERNON.CHAPA@sakilacustomer.org,"698 Jelets Boulevard",Denizli,Turkey
2,TONYA,CHAPMAN,1,TONYA.CHAPMAN@sakilacustomer.org,"43 Dadu Avenue",Bhilwara,India
2,KRISTEN,CHAVEZ,1,KRISTEN.CHAVEZ@sakilacustomer.org,"345 Oshawa Boulevard",Hino,Japan
2,PEDRO,CHESTNUT,1,PEDRO.CHESTNUT@sakilacustomer.org,"421 Yaound Street",ostka,Ukraine
2,JOHNNIE,CHISHOLM,1,JOHNNIE.CHISHOLM@sakilacustomer.org,"1501 Pangkal Pinang Avenue",Plock,Poland
2,RAMON,CHOATE,1,RAMON.CHOATE@sakilacustomer.org,"1954 Kowloon and New Kowloon Way",Robamba,Ecuador
2,FERNANDO,CHURCHILL,1,FERNANDO.CHURCHILL@sakilacustomer.org,"193 Bhusawal Place",Tonghae,"South Korea"
2,AUSTIN,CINTRON,1,AUSTIN.CINTRON@sakilacustomer.org,"1325 Fukuyama Street",Tieli,China
2,ADRIAN,CLARY,1,ADRIAN.CLARY@sakilacustomer.org,"1986 Sivas Place",Udine,Italy
2,JUDITH,COX,0,JUDITH.COX@sakilacustomer.org,"1966 Amroha Avenue",Daxian,China
2,GARY,COY,1,GARY.COY@sakilacustomer.org,"867 Benin City Avenue",Yuzhou,China
2,ESTHER,CRAWFORD,1,ESTHER.CRAWFORD@sakilacustomer.org,"898 Belm Manor",Botshabelo,"South Africa"
2,IVAN,CROMWELL,1,IVAN.CROMWELL@sakilacustomer.org,"1351 Sousse Lane",Monclova,Mexico
2,THEODORE,CULP,0,THEODORE.CULP@sakilacustomer.org,"1704 Tambaram Manor",Uluberia,India
2,STACY,CUNNINGHAM,1,STACY.CUNNINGHAM@sakilacustomer.org,"1410 Benin City Parkway",Pereira,Colombia
2,DANIELLE,DANIELS,1,DANIELLE.DANIELS@sakilacustomer.org,"781 Shimonoseki Drive",Hidalgo,Mexico
2,PATSY,DAVIDSON,1,PATSY.DAVIDSON@sakilacustomer.org,"816 Cayenne Parkway",Portoviejo,Ecuador
2,JENNIFER,DAVIS,1,JENNIFER.DAVIS@sakilacustomer.org,"1795 Santiago de Compostela Way",Laredo,"United States"
2,ALVIN,DELOACH,1,ALVIN.DELOACH@sakilacustomer.org,"1447 Chatsworth Place",Cuauhtmoc,Mexico
2,RON,DELUCA,1,RON.DELUCA@sakilacustomer.org,"1949 Sanya Street",Isesaki,Japan
2,EMILY,DIAZ,1,EMILY.DIAZ@sakilacustomer.org,"588 Vila Velha Manor",Kimchon,"South Korea"
2,MARSHA,DOUGLAS,1,MARSHA.DOUGLAS@sakilacustomer.org,"771 Yaound Manor",Beira,Mozambique
2,SEAN,DOUGLASS,1,SEAN.DOUGLASS@sakilacustomer.org,"614 Pak Kret Street","Addis Abeba",Ethiopia
2,SAMANTHA,DUNCAN,1,SAMANTHA.DUNCAN@sakilacustomer.org,"146 Johannesburg Way",Matamoros,Mexico
2,ERIN,DUNN,1,ERIN.DUNN@sakilacustomer.org,"1623 Baha Blanca Manor",Ljubertsy,"Russian Federation"
2,JEFF,EAST,1,JEFF.EAST@sakilacustomer.org,"437 Chungho Drive","San Felipe de Puerto Plata","Dominican Republic"
2,BEN,EASTER,0,BEN.EASTER@sakilacustomer.org,"886 Tonghae Place",Kamyin,"Russian Federation"
2,JOYCE,EDWARDS,1,JOYCE.EDWARDS@sakilacustomer.org,"725 Isesaki Place",Jedda,"Saudi Arabia"
2,KATIE,ELLIOTT,1,KATIE.ELLIOTT@sakilacustomer.org,"447 Surakarta Loop",Kisumu,Kenya
2,GRACE,ELLIS,1,GRACE.ELLIS@sakilacustomer.org,"442 Rae Bareli Place",Duisburg,Germany
2,ALEXANDER,FENNELL,1,ALEXANDER.FENNELL@sakilacustomer.org,"231 Kaliningrad Place",Bergamo,Italy
2,CINDY,FISHER,1,CINDY.FISHER@sakilacustomer.org,"1079 Tel Aviv-Jaffa Boulevard",Cuman,Venezuela
2,MAE,FLETCHER,1,MAE.FLETCHER@sakilacustomer.org,"44 Najafabad Way","Donostia-San Sebastin",Spain
2,JO,FOWLER,1,JO.FOWLER@sakilacustomer.org,"786 Stara Zagora Way",Oyo,Nigeria
2,HOLLY,FOX,1,HOLLY.FOX@sakilacustomer.org,"435 0 Way",Haldia,India
2,JOEL,FRANCISCO,1,JOEL.FRANCISCO@sakilacustomer.org,"287 Cuautla Boulevard",Sucre,Bolivia
2,BETH,FRANKLIN,1,BETH.FRANKLIN@sakilacustomer.org,"1149 A Corua (La Corua) Boulevard",Haiphong,Vietnam
2,SHANNON,FREEMAN,1,SHANNON.FREEMAN@sakilacustomer.org,"117 Boa Vista Way","Varanasi (Benares)",India
2,GERALD,FULTZ,1,GERALD.FULTZ@sakilacustomer.org,"45 Aparecida de Goinia Place",Satna,India
2,JAMES,GANNON,1,JAMES.GANNON@sakilacustomer.org,"1635 Kuwana Boulevard",Hiroshima,Japan
2,CAROL,GARCIA,1,CAROL.GARCIA@sakilacustomer.org,"320 Brest Avenue",Kaduna,Nigeria
2,DAVE,GARDINER,1,DAVE.GARDINER@sakilacustomer.org,"1052 Pathankot Avenue",Leshan,China
2,JOANN,GARDNER,1,JOANN.GARDNER@sakilacustomer.org,"842 Salzburg Lane",Tarsus,Turkey
2,PEARL,GARZA,1,PEARL.GARZA@sakilacustomer.org,"60 Poos de Caldas Street",Jodhpur,India
2,BILL,GAVIN,1,BILL.GAVIN@sakilacustomer.org,"1485 Bratislava Place",Rockford,"United States"
2,JOY,GEORGE,1,JOY.GEORGE@sakilacustomer.org,"1256 Bislig Boulevard",Botosani,Romania
2,DUSTIN,GILLETTE,1,DUSTIN.GILLETTE@sakilacustomer.org,"1854 Okara Boulevard",Emmen,Netherlands
2,JOE,GILLILAND,1,JOE.GILLILAND@sakilacustomer.org,"953 Hodeida Street",Imus,Philippines
2,KENNETH,GOODEN,0,KENNETH.GOODEN@sakilacustomer.org,"1542 Lubumbashi Boulevard","Bat Yam",Israel
2,MICHELE,GRANT,1,MICHELE.GRANT@sakilacustomer.org,"798 Cianjur Avenue",Yuncheng,China
2,JUDY,GRAY,1,JUDY.GRAY@sakilacustomer.org,"1031 Daugavpils Parkway",Bchar,Algeria
2,VIRGINIA,GREEN,1,VIRGINIA.GREEN@sakilacustomer.org,"391 Callao Drive",Toulouse,France
2,ALEX,GRESHAM,1,ALEX.GRESHAM@sakilacustomer.org,"251 Florencia Drive",Uruapan,Mexico
2,TERRY,GRISSOM,1,TERRY.GRISSOM@sakilacustomer.org,"619 Hunuco Avenue",Matsue,Japan
2,ARMANDO,GRUBER,1,ARMANDO.GRUBER@sakilacustomer.org,"869 Shikarpur Way",Southport,"United Kingdom"
2,ERIK,GUILLEN,1,ERIK.GUILLEN@sakilacustomer.org,"635 Brest Manor",Bhimavaram,India
2,CARLA,GUTIERREZ,1,CARLA.GUTIERREZ@sakilacustomer.org,"642 Nador Drive",Bhusawal,India
2,RAMONA,HALE,1,RAMONA.HALE@sakilacustomer.org,"951 Stara Zagora Manor",Patiala,India
2,JESSICA,HALL,1,JESSICA.HALL@sakilacustomer.org,"18 Duisburg Boulevard","Citt del Vaticano","Holy See (Vatican City State)"
2,SETH,HANNON,1,SETH.HANNON@sakilacustomer.org,"1759 Niznekamsk Avenue",al-Manama,Bahrain
2,DELORES,HANSEN,1,DELORES.HANSEN@sakilacustomer.org,"810 Palghat (Palakkad) Boulevard",Jaroslavl,"Russian Federation"
2,VIOLA,HANSON,1,VIOLA.HANSON@sakilacustomer.org,"582 Papeete Loop",Lapu-Lapu,Philippines
2,BRYAN,HARDISON,1,BRYAN.HARDISON@sakilacustomer.org,"530 Lausanne Lane",Dallas,"United States"
2,ARNOLD,HAVENS,1,ARNOLD.HAVENS@sakilacustomer.org,"1176 Southend-on-Sea Manor","Santa Rosa",Philippines
2,ALBERTO,HENNING,1,ALBERTO.HENNING@sakilacustomer.org,"502 Mandi Bahauddin Parkway",Barcelona,Venezuela
2,ANGELA,HERNANDEZ,1,ANGELA.HERNANDEZ@sakilacustomer.org,"786 Aurora Avenue",Shimonoseki,Japan
2,NORA,HERRERA,1,NORA.HERRERA@sakilacustomer.org,"1587 Loja Manor",Salzburg,Austria
2,MONICA,HICKS,1,MONICA.HICKS@sakilacustomer.org,"1752 So Leopoldo Parkway",Mukateve,Ukraine
2,MARCUS,HIDALGO,1,MARCUS.HIDALGO@sakilacustomer.org,"1289 Belm Boulevard",Tartu,Estonia
2,ANNA,HILL,1,ANNA.HILL@sakilacustomer.org,"127 Purnea (Purnia) Manor",Alessandria,Italy
2,MATTIE,HOFFMAN,1,MATTIE.HOFFMAN@sakilacustomer.org,"1497 Yuzhou Drive",London,"United Kingdom"
2,MABEL,HOLLAND,1,MABEL.HOLLAND@sakilacustomer.org,"51 Laredo Avenue",Monywa,Myanmar
2,BILLIE,HORTON,1,BILLIE.HORTON@sakilacustomer.org,"457 Tongliao Loop",Inegl,Turkey
2,ROSE,HOWARD,1,ROSE.HOWARD@sakilacustomer.org,"698 Otsu Street",Cayenne,"French Guiana"
2,WILLIE,HOWELL,1,WILLIE.HOWELL@sakilacustomer.org,"1244 Allappuzha (Alleppey) Place","Vicente Lpez",Argentina
2,MILTON,HOWLAND,1,MILTON.HOWLAND@sakilacustomer.org,"758 Korolev Parkway",Vijayawada,India
2,LAUREN,HUDSON,1,LAUREN.HUDSON@sakilacustomer.org,"1740 Le Mans Loop","Le Mans",France
2,BONNIE,HUGHES,1,BONNIE.HUGHES@sakilacustomer.org,"1942 Ciparay Parkway",Cheju,"South Korea"
2,JEREMY,HURTADO,1,JEREMY.HURTADO@sakilacustomer.org,"1133 Rizhao Avenue","Vitria de Santo Anto",Brazil
2,CURTIS,IRBY,1,CURTIS.IRBY@sakilacustomer.org,"432 Garden Grove Street","Richmond Hill",Canada
2,FREDERICK,ISBELL,1,FREDERICK.ISBELL@sakilacustomer.org,"1404 Taguig Drive",Tsuyama,Japan
2,KAREN,JACKSON,1,KAREN.JACKSON@sakilacustomer.org,"270 Amroha Parkway",Osmaniye,Turkey
2,LENA,JENSEN,1,LENA.JENSEN@sakilacustomer.org,"1027 Banjul Place",Halisahar,India
2,OLGA,JIMENEZ,1,OLGA.JIMENEZ@sakilacustomer.org,"556 Baybay Manor",Ogbomosho,Nigeria
2,BARBARA,JONES,1,BARBARA.JONES@sakilacustomer.org,"1566 Inegl Manor",Myingyan,Myanmar
2,TIFFANY,JORDAN,1,TIFFANY.JORDAN@sakilacustomer.org,"804 Elista Drive",Enshi,China
2,JOSEPH,JOY,1,JOSEPH.JOY@sakilacustomer.org,"1354 Siegen Street","Angra dos Reis",Brazil
2,ELSIE,KELLEY,1,ELSIE.KELLEY@sakilacustomer.org,"955 Bamenda Way",Ikerre,Nigeria
2,RHONDA,KENNEDY,1,RHONDA.KENNEDY@sakilacustomer.org,"1749 Daxian Place",Apeldoorn,Netherlands
2,LILLIE,KIM,1,LILLIE.KIM@sakilacustomer.org,"1736 Cavite Place",Idfu,Egypt
2,LESTER,KRAUS,1,LESTER.KRAUS@sakilacustomer.org,"1013 Tabuk Boulevard",Kanchrapara,India
2,HERBERT,KRUGER,1,HERBERT.KRUGER@sakilacustomer.org,"1823 Hoshiarpur Lane",Syktyvkar,"Russian Federation"
2,MISTY,LAMBERT,1,MISTY.LAMBERT@sakilacustomer.org,"1192 Tongliao Street",Sharja,"United Arab Emirates"
2,HEIDI,LARSON,0,HEIDI.LARSON@sakilacustomer.org,"1103 Bilbays Parkway",Xiangfan,China
2,DARYL,LARUE,1,DARYL.LARUE@sakilacustomer.org,"1208 Tama Loop",Mosul,Iraq
2,JEANNE,LAWSON,1,JEANNE.LAWSON@sakilacustomer.org,"387 Mwene-Ditu Drive",Ashgabat,Turkmenistan
2,LAWRENCE,LAWTON,1,LAWRENCE.LAWTON@sakilacustomer.org,"114 Jalib al-Shuyukh Manor",Yaound,Cameroon
2,KIMBERLY,LEE,1,KIMBERLY.LEE@sakilacustomer.org,"96 Tafuna Way",Crdoba,Argentina
2,SARAH,LEWIS,1,SARAH.LEWIS@sakilacustomer.org,"1780 Hino Boulevard",Liepaja,Latvia
2,MAUREEN,LITTLE,1,MAUREEN.LITTLE@sakilacustomer.org,"201 Effon-Alaiye Way",Asuncin,Paraguay
2,JACQUELINE,LONG,1,JACQUELINE.LONG@sakilacustomer.org,"870 Ashqelon Loop",Songkhla,Thailand
2,PRISCILLA,LOWE,1,PRISCILLA.LOWE@sakilacustomer.org,"144 South Hill Loop",Salamanca,Mexico
2,WILLARD,LUMPKIN,1,WILLARD.LUMPKIN@sakilacustomer.org,"1819 Alessandria Loop",Carmen,Mexico
2,STEVE,MACKENZIE,1,STEVE.MACKENZIE@sakilacustomer.org,"154 Oshawa Manor",Probolinggo,Indonesia
2,RALPH,MADRIGAL,1,RALPH.MADRIGAL@sakilacustomer.org,"1009 Zanzibar Lane",Arecibo,"Puerto Rico"
2,MATTHEW,MAHAN,1,MATTHEW.MAHAN@sakilacustomer.org,"479 San Felipe del Progreso Avenue",Cuautla,Mexico
2,DONALD,MAHON,1,DONALD.MAHON@sakilacustomer.org,"1774 Yaound Place",Ezhou,China
2,CLIFTON,MALCOLM,1,CLIFTON.MALCOLM@sakilacustomer.org,"1489 Kakamigahara Lane",Tanshui,Taiwan
2,WILLIE,MARKHAM,1,WILLIE.MARKHAM@sakilacustomer.org,"1623 Kingstown Drive","Almirante Brown",Argentina
2,SAMUEL,MARLOW,1,SAMUEL.MARLOW@sakilacustomer.org,"604 Bern Place",Ranchi,India
2,SANDRA,MARTIN,0,SANDRA.MARTIN@sakilacustomer.org,"360 Toulouse Parkway",Southend-on-Sea,"United Kingdom"
2,JUANITA,MASON,1,JUANITA.MASON@sakilacustomer.org,"943 Johannesburg Avenue",Pune,India
2,ERICA,MATTHEWS,0,ERICA.MATTHEWS@sakilacustomer.org,"1294 Firozabad Drive",Pingxiang,China
2,RICK,MATTOX,1,RICK.MATTOX@sakilacustomer.org,"775 ostka Drive","Mit Ghamr",Egypt
2,ALFREDO,MCADAMS,1,ALFREDO.MCADAMS@sakilacustomer.org,"1407 Surakarta Manor",Serpuhov,"Russian Federation"
2,RENE,MCALISTER,1,RENE.MCALISTER@sakilacustomer.org,"1895 Zhezqazghan Drive","Garden Grove","United States"
2,MORRIS,MCCARTER,1,MORRIS.MCCARTER@sakilacustomer.org,"1568 Celaya Parkway",Fengshan,Taiwan
2,JESUS,MCCARTNEY,1,JESUS.MCCARTNEY@sakilacustomer.org,"259 Ipoh Drive",Guaruj,Brazil
2,BRAD,MCCURDY,1,BRAD.MCCURDY@sakilacustomer.org,"608 Birgunj Parkway",Chungho,Taiwan
2,RAYMOND,MCWHORTER,1,RAYMOND.MCWHORTER@sakilacustomer.org,"503 Sogamoso Loop",Sumqayit,Azerbaijan
2,DORA,MEDINA,1,DORA.MEDINA@sakilacustomer.org,"1760 Oshawa Manor",Tianjin,China
2,BECKY,MILES,1,BECKY.MILES@sakilacustomer.org,"1993 Tabuk Lane",Tambaram,India
2,SHANE,MILLARD,1,SHANE.MILLARD@sakilacustomer.org,"184 Mandaluyong Street","La Paz",Mexico
2,RODNEY,MOELLER,1,RODNEY.MOELLER@sakilacustomer.org,"1936 Lapu-Lapu Parkway","Deba Habe",Nigeria
2,MARGARET,MOORE,1,MARGARET.MOORE@sakilacustomer.org,"613 Korolev Drive",Masqat,Oman
2,ANITA,MORALES,1,ANITA.MORALES@sakilacustomer.org,"788 Atinsk Street",Hubli-Dharwad,India
2,EVELYN,MORGAN,1,EVELYN.MORGAN@sakilacustomer.org,"943 Tokat Street",Vaduz,Liechtenstein
2,CRAIG,MORRELL,1,CRAIG.MORRELL@sakilacustomer.org,"717 Changzhou Lane",Cavite,Philippines
2,JAIME,NETTLES,1,JAIME.NETTLES@sakilacustomer.org,"1746 Faaa Way",Hunuco,Peru
2,RANDALL,NEUMANN,1,RANDALL.NEUMANN@sakilacustomer.org,"1245 Ibirit Way","La Romana","Dominican Republic"
2,JUSTIN,NGO,1,JUSTIN.NGO@sakilacustomer.org,"519 Nyeri Manor","Santo Andr",Brazil
2,SUZANNE,NICHOLS,1,SUZANNE.NICHOLS@sakilacustomer.org,"456 Escobar Way",Jakarta,Indonesia
2,ELMER,NOE,1,ELMER.NOE@sakilacustomer.org,"1768 Udine Loop",Battambang,Cambodia
2,JULIO,NOLAND,1,JULIO.NOLAND@sakilacustomer.org,"182 Nukualofa Drive",Konotop,Ukraine
2,CODY,NOLEN,1,CODY.NOLEN@sakilacustomer.org,"1715 Okayama Street","So Bernardo do Campo",Brazil
2,LEONA,OBRIEN,1,LEONA.OBRIEN@sakilacustomer.org,"1308 Sumy Loop",Fuzhou,China
2,ISAAC,OGLESBY,1,ISAAC.OGLESBY@sakilacustomer.org,"186 Skikda Lane",Cuernavaca,Mexico
2,JORGE,OLIVARES,1,JORGE.OLIVARES@sakilacustomer.org,"1078 Stara Zagora Drive",Lhokseumawe,Indonesia
2,ELLA,OLIVER,1,ELLA.OLIVER@sakilacustomer.org,"751 Lima Loop",Aden,Yemen
2,SYLVIA,ORTIZ,1,SYLVIA.ORTIZ@sakilacustomer.org,"241 Mosul Lane","Dos Quebradas",Colombia
2,MARC,OUTLAW,1,MARC.OUTLAW@sakilacustomer.org,"1 Valle de Santiago Avenue",Brindisi,Italy
2,MEGAN,PALMER,1,MEGAN.PALMER@sakilacustomer.org,"1560 Jelets Boulevard",Laiwu,China
2,IRMA,PEARSON,1,IRMA.PEARSON@sakilacustomer.org,"127 Iwakuni Boulevard",Hagonoy,Philippines
2,CAROLYN,PEREZ,1,CAROLYN.PEREZ@sakilacustomer.org,"1632 Bislig Avenue","Pak Kret",Thailand
2,SARA,PERRY,1,SARA.PERRY@sakilacustomer.org,"125 Citt del Vaticano Boulevard",Atlixco,Mexico
2,WALTER,PERRYMAN,1,WALTER.PERRYMAN@sakilacustomer.org,"1909 Benguela Lane",Xinxiang,China
2,SUE,PETERS,1,SUE.PETERS@sakilacustomer.org,"817 Bradford Loop",Changzhou,China
2,BOB,PFEIFFER,1,BOB.PFEIFFER@sakilacustomer.org,"415 Pune Avenue",Xintai,China
2,SALLY,PIERCE,1,SALLY.PIERCE@sakilacustomer.org,"1540 Wroclaw Drive",Chandrapur,India
2,JEFFERY,PINSON,1,JEFFERY.PINSON@sakilacustomer.org,"966 Arecibo Loop",Dadu,Pakistan
2,HECTOR,POINDEXTER,1,HECTOR.POINDEXTER@sakilacustomer.org,"185 Mannheim Lane",Pjatigorsk,"Russian Federation"
2,ANNE,POWELL,1,ANNE.POWELL@sakilacustomer.org,"1557 Ktahya Boulevard",Bradford,"United Kingdom"
2,DARRELL,POWER,1,DARRELL.POWER@sakilacustomer.org,"1844 Usak Avenue",Halifax,Canada
2,KEN,PREWITT,1,KEN.PREWITT@sakilacustomer.org,"1342 Abha Boulevard",Bucuresti,Romania
2,IRENE,PRICE,1,IRENE.PRICE@sakilacustomer.org,"602 Paarl Street",Pavlodar,Kazakstan
2,ANDREW,PURDY,1,ANDREW.PURDY@sakilacustomer.org,"431 Szkesfehrvr Avenue",Baku,Azerbaijan
2,ROGER,QUINTANILLA,1,ROGER.QUINTANILLA@sakilacustomer.org,"381 Kabul Way",Hsichuh,Taiwan
2,CHRISTINA,RAMIREZ,1,CHRISTINA.RAMIREZ@sakilacustomer.org,"1124 Buenaventura Drive",al-Hawiya,"Saudi Arabia"
2,DORIS,REED,1,DORIS.REED@sakilacustomer.org,"1697 Kowloon and New Kowloon Loop",Balaiha,"Russian Federation"
2,CONSTANCE,REID,1,CONSTANCE.REID@sakilacustomer.org,"885 Yingkou Manor",Zaria,Nigeria
2,NEIL,RENNER,1,NEIL.RENNER@sakilacustomer.org,"1817 Livorno Way","Cam Ranh",Vietnam
2,ROSA,REYNOLDS,1,ROSA.REYNOLDS@sakilacustomer.org,"793 Cam Ranh Avenue",Lancaster,"United States"
2,EDGAR,RHOADS,1,EDGAR.RHOADS@sakilacustomer.org,"1269 Ipoh Avenue",Eskisehir,Turkey
2,WILMA,RICHARDS,1,WILMA.RICHARDS@sakilacustomer.org,"660 Jedda Boulevard",Bellevue,"United States"
2,RONNIE,RICKETTS,1,RONNIE.RICKETTS@sakilacustomer.org,"1889 Valparai Way",Ziguinchor,Senegal
2,BRITTANY,RILEY,1,BRITTANY.RILEY@sakilacustomer.org,"140 Chiayi Parkway",Sumy,Ukraine
2,MARK,RINEHART,1,MARK.RINEHART@sakilacustomer.org,"780 Kimberley Way",Tabuk,"Saudi Arabia"
2,KATHERINE,RIVERA,1,KATHERINE.RIVERA@sakilacustomer.org,"915 Ponce Place",Basel,Switzerland
2,CHRISTINE,ROBERTS,1,CHRISTINE.ROBERTS@sakilacustomer.org,"1447 Imus Way",Faaa,"French Polynesia"
2,JOANNE,ROBERTSON,1,JOANNE.ROBERTSON@sakilacustomer.org,"1337 Lincoln Parkway",Urawa,Japan
2,SHARON,ROBINSON,1,SHARON.ROBINSON@sakilacustomer.org,"1688 Okara Way",Mardan,Pakistan
2,MINNIE,ROMERO,1,MINNIE.ROMERO@sakilacustomer.org,"47 Syktyvkar Lane",Ciomas,Indonesia
2,DARLENE,ROSE,1,DARLENE.ROSE@sakilacustomer.org,"1386 Nakhon Sawan Boulevard",Pyongyang,"North Korea"
2,DAVID,ROYAL,1,DAVID.ROYAL@sakilacustomer.org,"827 Yuncheng Drive",Callao,Peru
2,ANNIE,RUSSELL,1,ANNIE.RUSSELL@sakilacustomer.org,"1599 Plock Drive",Tete,Mozambique
2,RYAN,SALISBURY,1,RYAN.SALISBURY@sakilacustomer.org,"1673 Tangail Drive",Daugavpils,Latvia
2,TAMMY,SANDERS,1,TAMMY.SANDERS@sakilacustomer.org,"1551 Rampur Lane",Changhwa,Taiwan
2,WILLIAM,SATTERFIELD,1,WILLIAM.SATTERFIELD@sakilacustomer.org,"687 Alessandria Parkway",Sanaa,Yemen
2,JESSE,SCHILLING,1,JESSE.SCHILLING@sakilacustomer.org,"514 Ife Way",Lubumbashi,"Congo, The Democratic Republic of the"
2,ANTHONY,SCHWAB,1,ANTHONY.SCHWAB@sakilacustomer.org,"1892 Nabereznyje Telny Lane",Tafuna,"American Samoa"
2,BRUCE,SCHWARZ,1,BRUCE.SCHWARZ@sakilacustomer.org,"1565 Tangail Manor",Okinawa,Japan
2,REBECCA,SCOTT,1,REBECCA.SCOTT@sakilacustomer.org,"61 Tama Street",Kurashiki,Japan
2,STANLEY,SCROGGINS,1,STANLEY.SCROGGINS@sakilacustomer.org,"1266 Laredo Parkway",Omiya,Japan
2,KARL,SEAL,1,KARL.SEAL@sakilacustomer.org,"1427 Tabuk Place","Cape Coral","United States"
2,AARON,SELBY,1,AARON.SELBY@sakilacustomer.org,"1519 Santiago de los Caballeros Loop",Mwene-Ditu,"Congo, The Democratic Republic of the"
2,LESLIE,SEWARD,1,LESLIE.SEWARD@sakilacustomer.org,"1152 al-Qatif Lane",Pontianak,Indonesia
2,RICKY,SHELBY,1,RICKY.SHELBY@sakilacustomer.org,"722 Bradford Lane",Junan,China
2,DIANNE,SHELTON,1,DIANNE.SHELTON@sakilacustomer.org,"600 Bradford Street",Tabriz,Iran
2,WARREN,SHERROD,1,WARREN.SHERROD@sakilacustomer.org,"1621 Tongliao Avenue",Usolje-Sibirskoje,"Russian Federation"
2,FRANCIS,SIKES,1,FRANCIS.SIKES@sakilacustomer.org,"355 Vitria de Santo Anto Way","San Juan Bautista Tuxtepec",Mexico
2,MAXINE,SILVA,1,MAXINE.SILVA@sakilacustomer.org,"1338 Zalantun Lane","Poos de Caldas",Brazil
2,TINA,SIMMONS,1,TINA.SIMMONS@sakilacustomer.org,"984 Effon-Alaiye Avenue",Goinia,Brazil
2,FRANCISCO,SKIDMORE,1,FRANCISCO.SKIDMORE@sakilacustomer.org,"614 Denizli Parkway","So Leopoldo",Brazil
2,GILBERT,SLEDGE,1,GILBERT.SLEDGE@sakilacustomer.org,"1515 Korla Way",York,"United Kingdom"
2,MARION,SNYDER,1,MARION.SNYDER@sakilacustomer.org,"1891 Rizhao Boulevard","Santa Brbara dOeste",Brazil
2,ROLAND,SOUTH,1,ROLAND.SOUTH@sakilacustomer.org,"1993 0 Loop",Yingkou,China
2,JEFFREY,SPEAR,1,JEFFREY.SPEAR@sakilacustomer.org,"1860 Taguig Loop",Ciparay,Indonesia
2,KYLE,SPURLOCK,1,KYLE.SPURLOCK@sakilacustomer.org,"1269 Botosani Manor",Shanwei,China
2,ALLISON,STANLEY,1,ALLISON.STANLEY@sakilacustomer.org,"754 Valencia Place","Phnom Penh",Cambodia
2,LORRAINE,STEPHENS,1,LORRAINE.STEPHENS@sakilacustomer.org,"154 Tallahassee Loop",Hami,China
2,ERNEST,STEPP,1,ERNEST.STEPP@sakilacustomer.org,"500 Lincoln Parkway",Huaian,China
2,ELAINE,STEVENS,1,ELAINE.STEVENS@sakilacustomer.org,"801 Hagonoy Drive",Smolensk,"Russian Federation"
2,IAN,STILL,1,IAN.STILL@sakilacustomer.org,"1894 Boa Vista Way",Garland,"United States"
2,SALVADOR,TEEL,1,SALVADOR.TEEL@sakilacustomer.org,"247 Jining Parkway",Banjul,Gambia
2,JENNIE,TERRY,1,JENNIE.TERRY@sakilacustomer.org,"682 Halisahar Place",Olomouc,"Czech Republic"
2,LARRY,THRASHER,1,LARRY.THRASHER@sakilacustomer.org,"663 Baha Blanca Parkway",Adana,Turkey
2,LONNIE,TIRADO,1,LONNIE.TIRADO@sakilacustomer.org,"1658 Cuman Loop","Pangkal Pinang",Indonesia
2,PAUL,TROUT,1,PAUL.TROUT@sakilacustomer.org,"746 Joliet Lane",Kursk,"Russian Federation"
2,FRANKLIN,TROUTMAN,1,FRANKLIN.TROUTMAN@sakilacustomer.org,"1778 Gijn Manor",Zaoyang,China
2,WAYNE,TRUONG,1,WAYNE.TRUONG@sakilacustomer.org,"1049 Matamoros Parkway",Gulbarga,India
2,DUANE,TUBBS,1,DUANE.TUBBS@sakilacustomer.org,"962 Tama Loop",Yangor,Nauru
2,JOHNNY,TURPIN,1,JOHNNY.TURPIN@sakilacustomer.org,"1152 Citrus Heights Manor",al-Qadarif,Sudan
2,ANDY,VANHORN,1,ANDY.VANHORN@sakilacustomer.org,"966 Asuncin Way","Huejutla de Reyes",Mexico
2,JULIAN,VEST,1,JULIAN.VEST@sakilacustomer.org,"923 Tangail Boulevard",Akishima,Japan
2,FRANK,WAGGONER,1,FRANK.WAGGONER@sakilacustomer.org,"1816 Bydgoszcz Loop",Jamalpur,Bangladesh
2,DOLORES,WAGNER,1,DOLORES.WAGNER@sakilacustomer.org,"316 Uruapan Street",Ipoh,Malaysia
2,HUGH,WALDROP,1,HUGH.WALDROP@sakilacustomer.org,"904 Clarksville Drive",Haining,China
2,JANICE,WARD,1,JANICE.WARD@sakilacustomer.org,"1150 Kimchon Manor",Malm,Sweden
2,RUBY,WASHINGTON,1,RUBY.WASHINGTON@sakilacustomer.org,"1952 Chatsworth Drive",Meixian,China
2,YVONNE,WATKINS,1,YVONNE.WATKINS@sakilacustomer.org,"1848 Salala Boulevard","Ocumare del Tuy",Venezuela
2,THERESA,WATSON,1,THERESA.WATSON@sakilacustomer.org,"89 Allappuzha (Alleppey) Manor",Taguig,Philippines
2,SHELLY,WATTS,1,SHELLY.WATTS@sakilacustomer.org,"32 Pudukkottai Lane",Dayton,"United States"
2,JAMIE,WAUGH,1,JAMIE.WAUGH@sakilacustomer.org,"958 Sagamihara Lane",Kuwana,Japan
2,YOLANDA,WEAVER,1,YOLANDA.WEAVER@sakilacustomer.org,"605 Rio Claro Parkway",Tabora,Tanzania
2,RONALD,WEINER,1,RONALD.WEINER@sakilacustomer.org,"1145 Vilnius Manor","San Felipe del Progreso",Mexico
2,EDNA,WEST,1,EDNA.WEST@sakilacustomer.org,"682 Junan Way",Klerksdorp,"South Africa"
2,MITCHELL,WESTMORELAND,1,MITCHELL.WESTMORELAND@sakilacustomer.org,"617 Klerksdorp Place","Nha Trang",Vietnam
2,FRED,WHEAT,1,FRED.WHEAT@sakilacustomer.org,"433 Florencia Street",Jurez,Mexico
2,BETTY,WHITE,1,BETTY.WHITE@sakilacustomer.org,"770 Bydgoszcz Avenue","Citrus Heights","United States"
2,ROY,WHITING,1,ROY.WHITING@sakilacustomer.org,"1658 Jastrzebie-Zdrj Loop",Nyeri,Kenya
2,JON,WILES,1,JON.WILES@sakilacustomer.org,"659 Gatineau Boulevard","El Alto",Bolivia
2,SUSAN,WILSON,1,SUSAN.WILSON@sakilacustomer.org,"478 Joliet Way",Hamilton,"New Zealand"
2,DARREN,WINDHAM,1,DARREN.WINDHAM@sakilacustomer.org,"379 Lublin Parkway",Livorno,Italy
2,TYLER,WREN,1,TYLER.WREN@sakilacustomer.org,"1060 Tandil Lane",Rizhao,China
2,BRENDA,WRIGHT,1,BRENDA.WRIGHT@sakilacustomer.org,"33 Gorontalo Way",Kamarhati,India
2,MARVIN,YEE,1,MARVIN.YEE@sakilacustomer.org,"126 Acua Parkway","Berhampore (Baharampur)",India
